Dato;Wind;Temp;Sun;MWh;Flow
01/01/2020;5.21;4.29;40.00;373686.00;11049.86
02/01/2020;6.13;4.42;0.00;388693.00;11408.08
03/01/2020;5.50;5.29;31.00;369654.00;10790.46
04/01/2020;6.38;3.29;240.00;383225.00;11260.85
05/01/2020;3.42;3.79;5.00;396924.00;11696.14
06/01/2020;4.67;5.83;0.00;368927.00;10838.81
07/01/2020;5.54;5.83;70.00;365760.00;10678.15
08/01/2020;5.92;6.50;46.00;353054.00;10340.40
09/01/2020;3.83;5.21;0.00;366814.00;10663.38
10/01/2020;3.42;4.04;17.00;369348.00;10740.52
11/01/2020;6.83;4.50;0.00;393587.00;11384.60
12/01/2020;4.25;6.38;0.00;342459.00;10056.95
13/01/2020;3.92;4.25;74.00;380597.00;11084.02
14/01/2020;7.67;6.96;60.00;357564.00;10391.62
15/01/2020;7.08;7.08;0.00;344338.00;10149.67
16/01/2020;5.17;5.75;136.00;367589.00;10828.92
17/01/2020;3.71;5.88;122.00;359675.00;10549.62
18/01/2020;5.04;4.29;50.00;360757.00;10525.77
19/01/2020;3.63;3.17;359.00;377291.00;11057.47
20/01/2020;4.50;5.29;40.00;382960.00;11190.07
21/01/2020;6.08;5.71;0.00;366783.00;10676.54
22/01/2020;3.79;4.21;311.00;366783.00;10651.23
23/01/2020;4.17;5.21;0.00;366514.00;10714.74
24/01/2020;4.38;5.75;2.00;340646.00;10393.56
25/01/2020;3.38;5.29;6.00;340646.00;10143.44
26/01/2020;4.04;3.92;1.00;361220.00;10716.83
27/01/2020;3.79;5.38;10.00;358323.00;10647.42
28/01/2020;4.38;4.17;6.00;357249.00;10558.61
29/01/2020;4.67;4.13;189.00;368482.00;10996.21
30/01/2020;6.75;6.38;0.00;357692.00;10656.03
31/01/2020;6.46;7.13;1.00;344571.00;10303.25
01/02/2020;8.17;7.25;18.00;321265.00;9686.59
02/02/2020;3.88;3.21;77.00;360596.00;10880.77
03/02/2020;3.71;4.29;26.00;370355.00;11057.62
04/02/2020;4.29;2.46;238.00;379796.00;11419.48
05/02/2020;3.75;2.21;270.00;414735.00;12568.61
06/02/2020;5.33;5.88;15.00;372366.00;11141.30
07/02/2020;2.46;4.17;0.00;362260.00;10891.30
08/02/2020;3.79;3.17;55.00;373840.00;10325.02
09/02/2020;10.38;6.33;0.00;361231.00;9915.54
10/02/2020;8.42;4.58;64.00;368858.00;10104.99
11/02/2020;7.33;3.21;80.00;385838.00;10699.18
12/02/2020;7.42;3.17;42.00;408866.00;11372.86
13/02/2020;3.42;2.54;128.00;396734.00;10911.92
14/02/2020;2.63;2.88;67.00;394207.00;10834.24
15/02/2020;6.50;6.42;0.00;361897.00;9993.87
16/02/2020;9.67;7.83;0.00;330720.00;9195.07
17/02/2020;9.58;6.04;35.00;388436.00;10851.93
18/02/2020;6.88;4.75;129.00;383656.00;10638.85
19/02/2020;4.42;3.96;209.00;373365.00;10429.33
20/02/2020;6.38;4.71;0.00;379325.00;10494.09
21/02/2020;7.50;4.96;80.00;384874.00;10700.73
22/02/2020;11.08;6.00;79.00;365036.00;10220.38
23/02/2020;6.88;4.04;16.00;384325.00;10735.76
24/02/2020;3.88;2.96;0.00;404080.00;11174.78
25/02/2020;8.88;3.13;13.00;409588.00;11277.47
26/02/2020;2.71;0.25;37.00;423705.00;11688.28
27/02/2020;1.92;1.00;258.00;402639.00;11596.52
28/02/2020;4.67;3.25;283.00;379753.00;10637.46
29/02/2020;5.50;4.46;86.00;361600.00;10088.83
01/03/2020;6.92;4.25;139.00;361753.00;10094.77
02/03/2020;2.79;3.50;153.00;375632.00;10365.84
03/03/2020;2.17;3.46;164.00;361162.00;9962.04
04/03/2020;2.58;2.33;312.00;380896.00;10561.62
05/03/2020;1.75;1.88;248.00;375409.00;10447.50
06/03/2020;4.83;2.08;56.00;394756.00;10866.92
07/03/2020;2.13;2.08;278.00;381646.00;10596.37
08/03/2020;6.75;6.38;0.00;357930.00;10596.37
09/03/2020;2.96;6.08;89.00;340577.00;9509.39
10/03/2020;5.79;5.67;0.00;353673.00;9706.23
11/03/2020;7.21;6.21;378.00;329446.00;9282.65
12/03/2020;9.75;5.17;175.00;350216.00;9761.62
13/03/2020;5.08;3.21;208.00;362476.00;10097.58
14/03/2020;3.17;1.46;571.00;363791.00;10320.11
15/03/2020;6.79;6.21;0.00;347244.00;9724.35
16/03/2020;4.04;6.29;107.00;327290.00;9266.86
17/03/2020;5.54;6.21;44.00;341911.00;9683.67
18/03/2020;5.92;7.04;1.00;329638.00;9364.86
19/03/2020;3.08;4.79;402.00;319909.00;9102.94
20/03/2020;3.17;3.71;565.00;313252.00;8910.49
21/03/2020;2.96;1.96;645.00;332727.00;9441.68
22/03/2020;3.17;1.75;490.00;346548.00;9787.38
23/03/2020;3.67;1.92;684.00;356994.00;10064.61
24/03/2020;4.08;3.25;587.00;340870.00;9601.17
25/03/2020;3.25;3.63;678.00;320851.00;9131.59
26/03/2020;2.21;3.42;641.00;303390.00;8741.08
27/03/2020;2.08;3.83;704.00;299067.00;8618.44
28/03/2020;4.08;4.50;552.00;282110.00;8202.18
29/03/2020;6.29;1.92;706.00;311702.00;8892.64
30/03/2020;3.88;3.63;533.00;307188.00;8791.29
31/03/2020;3.92;2.25;372.00;341632.00;9586.23
01/04/2020;7.13;5.42;71.00;318352.00;8943.35
02/04/2020;8.50;5.00;55.00;330770.00;9328.66
03/04/2020;5.96;3.13;367.00;339266.00;9667.31
04/04/2020;2.42;4.13;267.00;315481.00;9210.13
05/04/2020;4.00;8.04;719.00;264523.00;8257.13
06/04/2020;3.79;10.54;744.00;212739.00;6981.06
07/04/2020;2.96;8.54;745.00;195163.00;7031.84
08/04/2020;2.88;8.88;575.00;203986.00;7293.13
09/04/2020;4.71;6.33;634.00;210681.00;6889.97
10/04/2020;3.46;4.17;664.00;248532.00;7861.24
11/04/2020;1.88;5.38;47.00;274125.00;8810.98
12/04/2020;5.67;9.00;608.00;223302.00;7566.47
13/04/2020;6.67;3.83;600.00;269137.00;8706.24
14/04/2020;5.13;4.17;434.00;301656.00;8642.88
15/04/2020;6.79;7.33;459.00;258285.00;7794.15
16/04/2020;5.17;7.33;591.00;230531.00;7530.66
17/04/2020;1.96;6.17;773.00;233415.00;7918.82
18/04/2020;2.58;6.38;766.00;214623.00;7487.52
19/04/2020;3.00;6.92;783.00;210802.00;7256.48
20/04/2020;3.00;8.42;795.00;203325.00;7146.36
21/04/2020;4.25;9.42;806.00;183157.00;6759.96
22/04/2020;3.42;9.88;812.00;175026.00;6465.67
23/04/2020;1.96;10.96;799.00;159538.00;6041.60
24/04/2020;5.38;7.67;436.00;173331.00;6399.15
25/04/2020;3.13;8.04;577.00;182633.00;6472.48
26/04/2020;2.75;6.63;2.00;204559.00;7046.68
27/04/2020;1.67;6.25;3.00;254213.00;8280.59
28/04/2020;2.00;6.83;359.00;234694.00;7746.04
29/04/2020;4.21;6.92;2.00;237130.00;7811.89
30/04/2020;3.75;7.63;82.00;243818.00;7919.86
01/05/2020;2.33;7.38;81.00;246695.00;8055.90
02/05/2020;2.67;7.67;154.00;221451.00;7417.65
03/05/2020;4.00;7.42;361.00;221283.00;7542.12
04/05/2020;4.38;6.54;769.00;225931.00;7734.36
05/05/2020;2.67;7.21;693.00;208240.00;7221.73
06/05/2020;5.63;7.08;428.00;221217.00;7502.34
07/05/2020;4.58;8.75;475.00;204903.00;6865.18
08/05/2020;3.63;9.38;584.00;183858.00;6599.12
09/05/2020;0.88;11.71;531.00;149589.00;5746.14
10/05/2020;4.46;7.21;348.00;168205.00;6253.23
11/05/2020;4.63;5.54;659.00;222735.00;7578.17
12/05/2020;4.63;5.04;371.00;227439.00;7755.75
13/05/2020;2.63;5.17;590.00;227248.00;7764.59
14/05/2020;4.88;5.92;531.00;219269.00;7545.83
15/05/2020;6.33;8.08;271.00;379179.00;7417.36
16/05/2020;7.83;8.88;130.00;206020.00;7249.64
17/05/2020;6.88;9.63;199.00;203860.00;7221.59
18/05/2020;4.17;10.04;0.00;212655.00;7370.87
19/05/2020;4.79;10.46;614.00;190707.00;6659.77
20/05/2020;2.00;11.33;734.00;162601.00;5972.23
21/05/2020;1.29;13.63;662.00;127838.00;5024.87
22/05/2020;4.00;13.13;220.00;127661.00;4955.15
23/05/2020;5.13;11.67;353.00;139342.00;5158.07
24/05/2020;6.88;10.13;11.00;169845.00;5895.80
25/05/2020;4.38;11.63;477.00;173696.00;6073.75
26/05/2020;1.88;11.38;549.00;150459.00;5709.43
27/05/2020;4.63;11.42;519.00;139126.00;5444.98
28/05/2020;3.29;10.13;905.00;151259.00;5732.06
29/05/2020;1.50;10.67;902.00;142674.00;5546.55
30/05/2020;2.46;14.50;882.00;110785.00;4754.35
31/05/2020;2.63;14.08;795.00;100396.00;4543.12
01/06/2020;1.50;15.04;837.00;97519.00;4487.85
02/06/2020;1.58;16.33;826.00;89132.00;4266.40
03/06/2020;2.08;15.58;551.00;88387.00;4277.40
04/06/2020;3.21;12.13;12.00;107757.00;4679.92
05/06/2020;3.71;10.63;280.00;123234.00;5039.33
06/06/2020;4.54;9.33;280.00;136002.00;5287.07
07/06/2020;1.83;10.79;228.00;141931.00;5309.11
08/06/2020;2.13;10.17;405.00;152210.00;5570.06
09/06/2020;1.25;10.21;189.00;151726.00;5690.47
10/06/2020;1.83;13.83;161.00;136282.00;5396.29
11/06/2020;4.46;17.08;266.00;109800.00;4873.77
12/06/2020;5.04;16.04;6.00;109800.00;4650.94
13/06/2020;4.83;16.96;54.00;97633.00;4548.09
14/06/2020;5.08;16.88;905.00;90559.00;4428.81
15/06/2020;1.79;16.83;936.00;86442.00;4341.14
16/06/2020;1.46;17.92;904.00;78606.00;4182.86
17/06/2020;1.58;18.38;376.00;73862.00;4057.67
18/06/2020;1.79;18.25;482.00;71970.00;4085.07
19/06/2020;2.50;15.67;5.00;77511.00;4270.47
20/06/2020;4.04;15.79;210.00;80786.00;4280.54
21/06/2020;1.96;16.33;722.00;80663.00;4317.42
22/06/2020;3.67;15.54;707.00;80687.00;4228.51
23/06/2020;1.88;15.88;944.00;82212.00;4206.76
24/06/2020;1.38;18.79;859.00;73278.00;3858.15
25/06/2020;3.38;20.33;911.00;65829.00;3792.70
26/06/2020;3.21;21.46;883.00;60637.00;3681.20
27/06/2020;2.50;20.08;494.00;56160.00;3165.60
28/06/2020;3.71;16.04;233.00;62193.00;3462.92
29/06/2020;4.54;13.83;348.00;77507.00;4181.46
30/06/2020;6.04;13.29;81.00;89630.00;4485.44
01/07/2020;2.92;14.21;125.00;95941.00;4626.28
02/07/2020;3.13;13.58;548.00;93394.00;4555.91
03/07/2020;3.50;12.08;127.00;103466.00;4953.69
04/07/2020;5.04;14.67;0.00;103492.00;4763.84
05/07/2020;6.96;14.67;95.00;175756.56;4731.15
06/07/2020;7.17;12.08;374.00;119864.00;5223.45
07/07/2020;4.71;11.42;251.00;129210.00;5662.13
08/07/2020;4.25;11.17;339.00;132539.00;5820.54
09/07/2020;1.88;11.96;534.00;115760.00;5394.19
10/07/2020;3.38;10.79;282.00;120872.00;5631.41
11/07/2020;5.17;12.04;520.00;117824.00;5476.34
12/07/2020;4.21;12.83;239.00;116071.00;5421.51
13/07/2020;2.96;13.96;357.00;112611.00;5389.56
14/07/2020;2.67;13.58;131.00;105582.00;5165.82
15/07/2020;2.13;13.08;267.00;107373.00;5197.91
16/07/2020;1.79;13.96;434.00;97862.00;4952.66
17/07/2020;1.83;14.79;505.00;92367.00;4833.19
18/07/2020;2.29;17.33;201.00;77425.00;4614.87
19/07/2020;2.33;17.00;57.00;74429.00;4374.65
20/07/2020;3.92;13.50;481.00;89264.00;4716.80
21/07/2020;4.17;12.83;553.00;94727.00;4863.32
22/07/2020;3.38;12.21;513.00;95581.00;4896.00
23/07/2020;2.50;12.13;53.00;104649.00;5060.57
24/07/2020;4.50;14.33;291.00;98712.00;4842.76
25/07/2020;2.08;14.83;237.00;92756.00;4605.50
26/07/2020;4.17;15.75;157.00;86719.00;4515.40
27/07/2020;3.08;15.13;240.00;94475.00;4769.41
28/07/2020;5.29;14.67;214.00;95013.00;4756.48
29/07/2020;5.88;12.54;75.00;117758.00;5843.82
30/07/2020;5.17;13.38;312.00;120698.00;4689.57
31/07/2020;1.75;15.63;771.00;102013.00;4689.57
01/08/2020;3.75;18.13;551.00;77800.00;4116.81
02/08/2020;3.29;15.21;162.00;79602.00;4176.22
03/08/2020;2.46;13.46;588.00;79602.00;4424.70
04/08/2020;2.42;12.96;653.00;97110.00;4579.56
05/08/2020;4.00;15.88;59.00;91292.00;4449.34
06/08/2020;2.25;19.83;428.00;80321.00;4182.67
07/08/2020;1.71;21.67;787.00;69782.00;3953.27
08/08/2020;1.13;21.83;632.00;57775.00;3381.68
09/08/2020;1.38;21.04;664.00;54254.00;3428.59
10/08/2020;2.21;21.67;761.00;58266.00;3611.06
11/08/2020;2.71;21.79;739.00;55331.00;3613.46
12/08/2020;3.58;20.38;786.00;56082.00;3573.92
13/08/2020;2.38;20.25;830.00;57554.00;3650.36
14/08/2020;1.63;19.08;814.00;56665.00;3643.94
15/08/2020;1.25;19.38;720.00;53067.00;3777.88
16/08/2020;2.54;21.79;725.00;50542.00;3953.73
17/08/2020;3.21;21.92;763.00;51762.00;3475.27
18/08/2020;1.38;17.88;268.00;54572.00;3555.37
19/08/2020;1.25;17.42;505.00;59644.00;3642.32
20/08/2020;2.08;17.83;63.00;61777.00;3761.89
21/08/2020;4.63;19.88;251.00;61720.00;3714.74
22/08/2020;4.50;17.38;293.00;61950.00;3720.09
23/08/2020;3.33;14.54;293.00;72128.00;3816.27
24/08/2020;1.96;13.25;250.00;87507.00;4085.37
25/08/2020;2.58;12.96;335.00;96143.00;4503.35
26/08/2020;3.17;15.42;59.00;86820.00;4263.98
27/08/2020;3.29;13.38;275.00;97323.00;4662.75
28/08/2020;2.79;13.00;14.00;109937.00;4910.20
29/08/2020;1.04;13.58;96.00;104025.00;4629.04
30/08/2020;2.25;13.54;392.00;101687.00;4683.21
31/08/2020;1.38;13.08;455.00;104810.00;4800.22
01/09/2020;1.67;12.29;649.00;111414.00;4959.67
02/09/2020;1.38;13.96;635.00;104033.00;4759.85
03/09/2020;3.08;12.75;150.00;111379.00;4924.06
04/09/2020;3.71;14.50;227.00;106949.00;4840.23
05/09/2020;3.25;11.92;315.00;113096.00;5000.81
06/09/2020;2.79;10.58;412.00;113096.00;5273.50
07/09/2020;3.04;11.96;414.00;132704.00;5539.71
08/09/2020;4.67;15.50;277.00;109934.00;4966.42
09/09/2020;5.46;14.92;145.00;107132.00;4832.97
10/09/2020;3.29;11.25;411.00;125438.00;5355.16
11/09/2020;3.33;12.63;65.00;132493.00;5375.50
12/09/2020;4.21;13.50;84.00;121825.00;5097.02
13/09/2020;4.79;14.96;2.00;123246.00;5173.79
14/09/2020;2.42;16.29;594.00;108593.00;4852.14
15/09/2020;1.04;16.67;589.00;108593.00;4594.60
16/09/2020;3.58;12.71;318.00;102502.00;4777.47
17/09/2020;1.38;9.21;670.00;136690.00;5604.47
18/09/2020;0.92;8.75;685.00;150782.00;5942.04
19/09/2020;0.38;9.42;280.00;149897.00;5843.98
20/09/2020;0.46;9.50;178.00;154466.00;5882.35
21/09/2020;0.83;10.71;369.00;153340.00;5924.52
22/09/2020;1.29;11.25;536.00;153340.00;5740.39
23/09/2020;2.92;13.75;206.00;122594.00;5215.68
24/09/2020;5.21;13.46;302.00;124044.00;5239.99
25/09/2020;3.25;11.54;1.00;149420.00;5750.04
26/09/2020;3.67;12.13;11.00;152286.00;5765.19
27/09/2020;5.42;16.17;235.00;125837.00;5186.52
28/09/2020;2.96;14.04;25.00;128934.00;5278.72
29/09/2020;2.42;12.79;28.00;148231.00;5676.25
30/09/2020;2.33;13.13;65.00;144628.00;5605.46
01/10/2020;5.00;13.67;136.00;147988.78;5701.95
02/10/2020;5.33;13.88;36.00;143663.56;5566.41
03/10/2020;8.17;14.71;40.00;138836.41;5381.11
04/10/2020;3.38;12.38;281.00;132419.69;5281.71
05/10/2020;3.25;10.79;258.00;162000.96;6033.12
06/10/2020;2.79;10.38;50.00;177853.97;6348.88
07/10/2020;2.21;11.08;143.00;173466.55;6130.55
08/10/2020;2.79;9.67;7.00;198291.88;6601.34
09/10/2020;2.58;8.54;130.00;220340.77;7256.82
10/10/2020;2.88;7.58;175.00;214772.64;7145.79
11/10/2020;1.63;6.83;288.00;217044.69;7299.99
12/10/2020;1.13;6.88;53.00;248231.42;8122.16
13/10/2020;1.63;8.25;336.00;221952.73;7473.48
14/10/2020;4.54;7.13;279.00;239141.89;7952.11
15/10/2020;3.00;6.75;130.00;252246.72;8246.13
16/10/2020;1.67;6.29;360.00;254775.00;8331.81
17/10/2020;2.83;8.00;418.00;235346.86;7858.53
18/10/2020;3.50;6.58;400.00;222778.27;7533.43
19/10/2020;1.63;5.96;266.00;270293.21;8651.48
20/10/2020;3.58;8.42;2.00;264763.03;8312.01
21/10/2020;4.25;12.17;1.00;300826.33;7343.50
22/10/2020;6.75;12.25;92.00;207470.93;6830.98
23/10/2020;3.33;10.42;115.00;220683.64;7017.64
24/10/2020;3.79;10.71;251.00;204154.01;6570.00
25/10/2020;4.63;11.29;0.00;214409.12;6900.87
26/10/2020;3.38;8.96;23.00;240217.38;7435.88
27/10/2020;4.71;8.29;129.00;259971.26;8039.61
28/10/2020;4.17;8.75;234.00;259595.66;8095.25
29/10/2020;2.42;8.17;330.00;253195.10;7929.63
30/10/2020;2.79;10.50;0.00;242485.64;7645.98
31/10/2020;2.54;10.71;103.00;215913.53;6993.87
01/11/2020;4.71;10.92;98.00;217901.60;6990.54
02/11/2020;8.75;13.29;0.00;207120.15;6852.90
03/11/2020;5.04;8.79;287.00;247977.43;8038.74
04/11/2020;4.71;7.50;303.00;273150.63;8608.39
05/11/2020;5.54;9.58;0.00;272887.00;8400.19
06/11/2020;3.25;10.96;229.00;230110.05;7363.04
07/11/2020;1.29;6.92;74.00;238392.62;7509.28
08/11/2020;1.50;5.17;425.00;279266.02;8636.91
09/11/2020;3.38;6.21;2.00;297575.26;9091.82
10/11/2020;3.00;5.63;0.00;312135.46;9436.55
11/11/2020;2.13;4.54;0.00;326863.09;9883.41
12/11/2020;3.46;7.17;0.00;304839.65;9308.84
13/11/2020;2.63;7.33;125.00;295299.37;9037.96
14/11/2020;2.42;7.33;140.00;280820.22;8666.30
15/11/2020;4.46;10.96;174.00;234339.04;7474.14
16/11/2020;4.29;8.83;94.00;264470.00;8138.80
17/11/2020;5.33;10.25;0.00;267187.00;8187.90
18/11/2020;7.08;10.88;0.00;258800.00;7980.86
19/11/2020;7.04;5.63;146.00;307319.00;9294.06
20/11/2020;2.46;2.75;252.00;359398.00;10950.04
21/11/2020;6.79;8.04;0.00;310704.00;9415.19
22/11/2020;5.46;7.04;233.00;301766.00;9281.08
23/11/2020;4.13;6.33;240.00;323097.00;9778.65
24/11/2020;5.17;8.83;0.00;299100.00;9091.06
25/11/2020;3.38;6.46;11.00;311354.00;9395.62
26/11/2020;2.58;6.04;284.00;295083.00;9033.01
27/11/2020;0.25;1.63;200.00;360479.00;10803.61
28/11/2020;1.96;0.29;35.00;389356.00;11706.00
29/11/2020;1.04;0.25;0.00;392735.00;11829.63
30/11/2020;3.21;0.92;0.00;413281.00;12311.54
01/12/2020;1.58;3.29;8.00;386094.00;11543.82
02/12/2020;1.58;2.92;1.00;373560.00;11132.33
03/12/2020;4.83;1.17;2.00;403007.00;11976.97
04/12/2020;5.25;1.71;0.00;412276.00;12287.67
05/12/2020;3.71;3.04;1.00;378409.00;11385.63
06/12/2020;3.00;3.75;0.00;371344.00;11230.76
07/12/2020;5.13;5.50;0.00;354912.00;10687.00
08/12/2020;2.08;4.13;60.00;363878.00;10880.48
09/12/2020;2.38;3.38;0.00;372783.00;11201.95
10/12/2020;2.54;2.54;0.00;381217.00;11437.29
11/12/2020;5.08;1.46;0.00;408042.00;12195.01
12/12/2020;4.38;2.50;0.00;389502.00;11646.73
13/12/2020;3.67;2.63;6.00;385925.00;11626.15
14/12/2020;4.63;5.63;0.00;380704.00;11535.46
15/12/2020;2.46;7.00;0.00;334147.00;10388.13
16/12/2020;2.67;5.96;27.00;341498.00;10363.48
17/12/2020;3.96;6.71;2.00;336846.00;10281.87
18/12/2020;4.50;6.50;8.00;338686.00;10502.16
19/12/2020;3.54;5.00;301.00;327336.00;10289.74
20/12/2020;3.71;7.38;4.00;310498.00;9868.93
21/12/2020;4.08;5.75;89.00;331848.00;10434.65
22/12/2020;4.50;6.21;10.00;329009.00;10213.27
23/12/2020;0.83;2.38;3.00;366179.00;10961.60
24/12/2020;2.88;0.71;112.00;405706.00;11955.27
25/12/2020;1.25;-1.38;336.00;433432.00;13113.28
26/12/2020;4.83;3.08;0.00;409927.00;12215.17
27/12/2020;8.38;2.96;0.00;401230.00;11760.42
28/12/2020;2.92;2.13;0.00;401836.00;11727.59
29/12/2020;1.58;1.33;0.00;398249.00;11649.98
30/12/2020;1.50;2.71;0.00;388156.00;11430.50
31/12/2020;1.50;1.42;15.00;393859.00;11980.38
01/01/2021;0.67;0.21;34.00;403789.00;11811.96
02/01/2021;1.00;-0.92;14.00;432945.00;12705.21
03/01/2021;3.92;0.54;10.00;440531.00;12962.49
04/01/2021;4.50;0.00;0.00;468659.00;13832.28
05/01/2021;3.88;0.33;1.00;460847.00;13704.74
06/01/2021;3.79;0.00;0.00;465996.00;13704.74
07/01/2021;2.75;0.00;0.00;452695.00;13735.03
08/01/2021;2.75;0.00;52.00;453398.00;13663.93
09/01/2021;1.33;0.17;20.00;440507.00;13275.25
10/01/2021;2.67;1.04;4.00;428448.00;12901.95
11/01/2021;6.29;4.42;2.00;409233.00;12337.46
12/01/2021;3.71;0.71;124.00;421470.00;12954.31
13/01/2021;6.21;0.58;105.00;445509.00;13496.36
14/01/2021;3.50;-0.63;0.00;483337.00;14562.21
15/01/2021;1.50;-1.83;0.00;489410.00;14481.36
16/01/2021;1.58;-1.96;55.00;474999.00;14038.26
17/01/2021;2.17;-0.54;67.00;465753.00;13809.78
18/01/2021;2.50;1.00;5.00;456393.00;13512.49
19/01/2021;2.17;2.88;14.00;418965.00;12347.28
20/01/2021;7.00;5.88;0.00;388975.00;11447.72
21/01/2021;8.75;5.46;74.00;385985.00;11394.63
22/01/2021;6.63;4.00;125.00;398674.00;11815.22
23/01/2021;2.79;1.71;20.00;407771.00;12053.47
24/01/2021;0.79;0.63;111.00;399478.00;11888.76
25/01/2021;0.83;-0.92;171.00;449366.00;13342.12
26/01/2021;1.25;-0.67;377.00;448094.00;13422.31
27/01/2021;2.46;0.83;1.00;437059.00;12947.89
28/01/2021;1.04;-2.08;226.00;461018.00;13510.09
29/01/2021;3.46;-1.58;18.00;480490.00;13920.59
30/01/2021;1.88;-2.21;333.00;456235.00;13107.48
31/01/2021;1.79;-1.04;274.00;434767.00;12483.27
01/02/2021;1.46;-2.92;300.00;461461.00;13272.61
02/02/2021;1.00;-3.67;41.00;506511.00;14115.11
03/02/2021;6.25;-1.17;1.00;503240.00;13767.01
04/02/2021;4.88;-3.13;208.00;519814.00;14270.98
05/02/2021;6.54;-3.04;132.00;545264.00;14866.22
06/02/2021;6.54;-4.04;403.00;535458.00;14783.49
07/02/2021;8.17;-3.00;39.00;557120.00;15306.01
08/02/2021;7.38;-2.88;95.00;563316.00;15494.21
09/02/2021;4.96;-4.04;49.00;564630.00;15488.76
10/02/2021;2.92;-6.04;375.00;552160.00;15003.56
11/02/2021;3.25;-7.17;399.00;573142.00;15482.96
12/02/2021;1.29;-9.00;483.00;580225.00;15868.94
13/02/2021;0.08;-8.67;471.00;554439.00;15014.30
14/02/2021;2.25;-5.67;476.00;545352.00;14741.57
15/02/2021;3.96;-0.96;15.00;525414.00;13999.95
16/02/2021;2.96;0.08;0.00;486559.00;12999.39
17/02/2021;1.83;2.13;0.00;430615.00;11724.41
18/02/2021;3.71;4.04;84.00;392242.00;10668.30
19/02/2021;3.54;3.58;314.00;378991.00;10401.04
20/02/2021;3.17;6.38;108.00;344130.00;9612.86
21/02/2021;1.88;6.46;300.00;319484.00;9110.42
22/02/2021;2.92;6.50;366.00;341231.00;9464.79
23/02/2021;2.71;6.67;0.00;341492.00;9390.93
24/02/2021;6.38;10.08;73.00;315055.00;8794.77
25/02/2021;4.83;6.96;164.00;314914.00;9043.49
26/02/2021;5.21;4.58;276.00;342237.00;9766.60
27/02/2021;3.83;5.46;390.00;300469.00;8859.17
28/02/2021;3.83;3.71;140.00;333564.00;9872.87
01/03/2021;3.13;3.75;381.00;342240.00;9822.01
02/03/2021;1.00;1.00;242.00;365961.00;10375.86
03/03/2021;2.04;1.29;167.00;364675.00;10400.33
04/03/2021;3.42;1.50;399.00;347774.00;9970.68
05/03/2021;1.17;-0.50;572.00;389595.00;11089.60
06/03/2021;6.00;2.33;194.00;382721.00;10670.32
07/03/2021;4.83;2.04;276.00;374000.00;10517.75
08/03/2021;1.33;-0.79;557.00;410097.00;11535.62
09/03/2021;1.75;0.08;594.00;391251.00;11071.91
10/03/2021;4.83;0.88;45.00;420172.00;11702.13
11/03/2021;8.17;4.71;0.00;387484.00;10874.93
12/03/2021;6.13;3.75;18.00;385029.00;10811.89
13/03/2021;3.42;2.54;14.00;374806.00;10530.41
14/03/2021;5.29;3.58;193.00;366368.00;10430.79
15/03/2021;5.08;3.33;133.00;384056.00;10983.09
16/03/2021;2.83;2.33;421.00;362615.00;10472.95
17/03/2021;1.67;2.17;309.00;366380.00;10608.10
18/03/2021;1.75;1.92;428.00;360578.00;10574.33
19/03/2021;2.46;0.29;388.00;383529.00;11082.29
20/03/2021;5.67;2.83;10.00;391603.00;11046.78
21/03/2021;5.67;4.00;504.00;344781.00;10079.84
22/03/2021;4.33;4.04;41.00;366605.00;10516.59
23/03/2021;4.13;4.58;1.00;361526.00;10546.57
24/03/2021;4.38;6.00;43.00;340916.00;10251.06
25/03/2021;3.33;5.04;209.00;335049.00;10298.33
26/03/2021;3.79;6.96;20.00;325842.00;9937.71
27/03/2021;4.46;4.83;223.00;303969.00;9323.96
28/03/2021;6.00;5.63;3.00;327994.00;9706.25
29/03/2021;6.63;7.88;5.00;327752.00;9817.36
30/03/2021;4.25;8.58;641.00;265781.00;8404.78
31/03/2021;2.42;8.88;600.00;236748.00;7849.66
01/04/2021;4.04;6.17;389.00;240879.00;7932.14
02/04/2021;4.67;5.13;505.00;271604.00;8507.11
03/04/2021;1.54;4.04;688.00;276719.00;8799.62
04/04/2021;6.83;4.96;4.00;294698.00;9180.62
05/04/2021;8.21;1.58;332.00;354813.00;10094.04
06/04/2021;7.13;2.17;360.00;369760.00;10488.52
07/04/2021;6.50;3.13;263.00;355051.00;10132.46
08/04/2021;6.54;3.21;105.00;384497.00;10855.15
09/04/2021;7.54;4.17;344.00;329503.00;9573.72
10/04/2021;3.21;3.00;547.00;322122.00;9504.24
11/04/2021;4.33;1.13;9.00;355889.00;10316.89
12/04/2021;4.96;2.58;410.00;358312.00;10278.29
13/04/2021;5.50;3.67;395.00;338497.00;9661.19
14/04/2021;2.17;3.33;435.00;326192.00;9295.95
15/04/2021;2.21;4.00;523.00;325813.00;9379.82
16/04/2021;2.54;5.29;588.00;293691.00;8732.28
17/04/2021;3.00;7.08;461.00;264294.00;7984.51
18/04/2021;2.46;9.25;613.00;219105.00;6934.00
19/04/2021;2.58;10.21;792.00;200710.00;6476.93
20/04/2021;2.13;9.21;787.00;187487.00;6220.04
21/04/2021;7.79;6.08;386.00;218393.00;6913.09
22/04/2021;7.21;5.83;548.00;262820.00;7908.27
23/04/2021;4.88;5.63;588.00;253049.00;7742.06
24/04/2021;3.54;4.54;743.00;241851.00;7498.31
25/04/2021;2.42;3.63;641.00;252897.00;7784.57
26/04/2021;1.04;3.63;525.00;265016.00;7986.29
27/04/2021;1.79;4.58;700.00;258305.00;7833.39
28/04/2021;3.42;6.29;446.00;246765.00;7542.55
29/04/2021;4.67;7.04;106.00;264003.00;7870.69
30/04/2021;2.17;5.92;21.00;272534.00;8017.29
01/05/2021;2.79;7.42;194.00;234439.00;7097.75
02/05/2021;2.63;6.63;60.00;245910.00;7381.66
03/05/2021;4.08;6.21;427.00;262166.00;7784.70
04/05/2021;4.96;6.08;10.00;268769.00;8034.90
05/05/2021;4.00;5.83;51.00;269197.00;8249.62
06/05/2021;3.79;4.50;114.00;282510.00;8810.85
07/05/2021;3.33;4.71;277.00;277055.00;8708.49
08/05/2021;4.13;7.21;469.00;248736.00;7967.74
09/05/2021;4.63;13.75;426.00;188313.00;6565.57
10/05/2021;3.42;13.63;287.00;156469.00;5889.78
11/05/2021;2.54;11.04;44.00;179293.00;6378.70
12/05/2021;3.29;10.13;7.00;196992.00;6550.52
13/05/2021;2.63;9.42;6.00;208839.00;6511.14
14/05/2021;2.83;8.96;20.00;215793.00;6609.35
15/05/2021;2.75;7.13;24.00;235025.00;7463.09
16/05/2021;2.00;9.08;99.00;225381.00;6880.02
17/05/2021;2.33;9.42;214.00;215589.00;6880.02
18/05/2021;2.42;8.71;154.00;212924.00;7263.58
19/05/2021;3.13;8.13;363.00;216725.00;7263.58
20/05/2021;4.46;8.71;386.00;207773.00;6622.54
21/05/2021;4.33;9.25;99.00;199891.00;6480.85
22/05/2021;4.88;9.04;6.00;214197.00;6614.85
23/05/2021;6.13;8.42;262.00;223908.00;6904.87
24/05/2021;2.88;9.92;9.00;220680.00;6815.60
25/05/2021;1.88;9.75;24.00;214477.00;6688.18
26/05/2021;2.96;9.08;2.00;221114.00;6848.66
27/05/2021;3.63;9.96;231.00;209015.00;6583.09
28/05/2021;3.42;9.21;187.00;202385.00;6449.28
29/05/2021;2.71;11.54;627.00;179773.00;5948.20
30/05/2021;1.42;12.58;830.00;143985.00;5181.61
31/05/2021;2.46;12.63;819.00;135094.00;5005.14
01/06/2021;1.79;12.79;488.00;127549.00;4836.22
02/06/2021;4.04;13.33;419.00;124363.00;4692.33
03/06/2021;5.50;16.50;320.00;112395.01;4383.34
04/06/2021;3.29;16.50;718.00;99639.00;4070.46
05/06/2021;3.13;17.46;471.00;87433.00;3840.64
06/06/2021;1.33;14.83;42.00;107778.00;4330.74
07/06/2021;2.08;14.54;468.00;107778.00;4581.80
08/06/2021;2.75;14.46;762.00;102829.00;4554.22
09/06/2021;2.17;14.79;751.00;95140.00;4312.79
10/06/2021;2.13;16.29;783.00;88273.00;4126.51
11/06/2021;3.38;16.21;126.00;84914.00;4306.96
12/06/2021;5.96;13.33;340.00;96066.05;4393.94
13/06/2021;5.63;14.00;665.00;104397.02;4675.99
14/06/2021;4.38;14.46;301.00;96674.00;4321.27
15/06/2021;2.71;12.63;716.00;107975.01;4429.75
16/06/2021;1.92;14.67;908.00;100137.00;4221.74
17/06/2021;3.79;21.67;737.00;77294.00;3651.95
18/06/2021;2.63;18.42;356.00;70578.00;3559.04
19/06/2021;3.33;17.38;364.00;69352.00;3509.89
20/06/2021;4.17;14.08;48.00;85100.02;3886.56
21/06/2021;3.13;12.21;6.00;106231.03;4365.23
22/06/2021;3.92;13.25;139.00;106231.03;4694.32
23/06/2021;2.71;13.33;223.00;117730.15;4560.50
24/06/2021;2.04;13.29;612.00;117730.15;4455.43
25/06/2021;1.83;13.79;363.00;101096.02;4270.61
26/06/2021;2.00;15.88;305.00;83747.82;3956.93
27/06/2021;3.04;14.21;346.00;90280.02;4014.18
28/06/2021;1.71;15.54;943.00;93043.03;4091.83
29/06/2021;2.38;14.83;203.00;89065.04;4091.60
30/06/2021;2.17;15.67;76.00;87831.12;4065.98
01/07/2021;2.88;16.96;409.00;91152.05;3988.27
02/07/2021;2.71;15.08;243.00;84970.01;4067.49
03/07/2021;2.13;15.75;5.00;86559.03;4120.80
04/07/2021;1.17;17.67;505.00;86559.03;3878.39
05/07/2021;2.46;15.79;247.00;78723.01;3878.39
06/07/2021;3.50;16.46;167.00;85679.03;4164.38
07/07/2021;3.67;16.75;547.00;83186.01;4062.59
08/07/2021;1.54;17.33;651.00;78243.00;3935.61
09/07/2021;1.92;16.75;258.00;73898.00;3483.25
10/07/2021;3.92;15.13;158.00;79011.00;3786.73
11/07/2021;1.17;16.42;535.00;78300.00;3923.10
12/07/2021;4.17;20.04;506.00;70631.00;3771.83
13/07/2021;2.88;20.92;457.00;62601.00;3576.06
14/07/2021;1.83;22.54;707.00;58471.00;3463.21
15/07/2021;3.42;19.92;760.00;56748.00;3423.95
16/07/2021;2.79;20.71;890.00;57646.00;3611.87
17/07/2021;4.83;18.42;924.00;55990.00;3506.36
18/07/2021;5.71;15.63;312.00;63675.01;3694.28
19/07/2021;4.29;15.21;604.00;71474.01;3911.42
20/07/2021;4.88;15.25;124.00;74675.01;3989.87
21/07/2021;3.33;14.75;193.00;78912.01;4062.87
22/07/2021;3.08;15.38;259.00;78124.01;4001.36
23/07/2021;1.50;15.96;252.00;78124.01;3962.65
24/07/2021;2.88;18.46;600.00;70642.01;3833.95
25/07/2021;5.29;20.00;212.00;61915.01;3592.21
26/07/2021;1.92;19.42;87.00;61454.01;3519.61
27/07/2021;2.08;17.83;298.00;63407.01;3558.26
28/07/2021;3.54;16.67;139.00;69566.00;3695.55
29/07/2021;5.21;14.33;221.00;79548.01;3966.84
30/07/2021;5.33;16.29;219.00;80288.01;3976.45
31/07/2021;3.08;15.04;98.00;79775.00;3938.29
01/08/2021;4.33;14.58;328.00;85731.01;4127.56
02/08/2021;4.04;14.88;299.00;89536.02;4190.24
03/08/2021;2.54;13.67;129.00;92602.01;4292.41
04/08/2021;0.92;13.75;273.00;94513.01;4318.40
05/08/2021;2.71;14.83;199.00;95537.02;4338.40
06/08/2021;5.42;17.00;303.00;84509.01;4138.92
07/08/2021;2.96;16.08;381.00;76513.02;3991.62
08/08/2021;3.33;15.04;204.00;80810.01;4077.47
09/08/2021;3.58;15.67;296.00;85586.01;4188.72
10/08/2021;1.88;14.42;235.00;86376.01;4115.64
11/08/2021;2.25;15.00;491.00;87869.00;4013.36
12/08/2021;2.46;17.46;436.00;78262.03;4013.36
13/08/2021;4.00;16.42;254.00;76991.01;3499.83
14/08/2021;5.00;15.92;238.00;79348.04;3787.60
15/08/2021;3.33;14.71;289.00;83089.04;4154.26
16/08/2021;2.88;12.33;133.00;100708.01;4581.73
17/08/2021;6.17;14.96;309.00;103288.02;4637.48
18/08/2021;5.92;13.71;34.00;110871.01;4795.58
19/08/2021;4.83;13.92;258.00;114764.03;4893.00
20/08/2021;2.54;13.29;243.00;112839.02;4863.48
21/08/2021;1.21;12.83;473.00;108121.02;4690.16
22/08/2021;2.50;13.96;390.00;99033.29;4562.63
23/08/2021;1.54;14.75;698.00;100186.02;4593.62
24/08/2021;1.75;14.29;691.00;94266.03;4422.97
25/08/2021;5.17;14.25;137.00;98649.03;4398.73
26/08/2021;4.63;13.79;180.00;112953.01;4773.49
27/08/2021;5.13;14.54;55.00;116297.02;4750.05
28/08/2021;4.00;14.50;54.00;109378.11;4293.27
29/08/2021;3.42;15.71;186.00;102885.27;4390.06
30/08/2021;2.50;15.38;650.00;97571.02;4210.35
31/08/2021;1.50;14.63;648.00;96569.03;4509.03
01/09/2021;2.54;14.38;556.00;95930.03;4497.09
02/09/2021;2.21;14.88;358.00;93112.01;4423.71
03/09/2021;4.63;14.25;575.00;94311.02;4403.09
04/09/2021;2.67;13.54;690.00;91846.00;4344.68
05/09/2021;2.33;12.83;640.00;97697.00;4550.93
06/09/2021;1.04;12.54;128.00;107574.00;4788.90
07/09/2021;1.42;14.63;113.00;107222.00;4754.76
08/09/2021;1.58;17.25;618.00;88431.00;4277.30
09/09/2021;2.04;17.54;693.00;79780.00;4101.73
10/09/2021;1.71;16.71;43.00;79309.00;4052.82
11/09/2021;2.75;17.42;71.00;75282.00;3944.55
12/09/2021;4.58;15.83;231.00;81112.00;4136.24
13/09/2021;3.04;14.38;106.00;102091.00;4552.04
14/09/2021;1.13;14.33;173.00;100245.00;4526.37
15/09/2021;3.50;14.08;0.00;100245.00;4820.29
16/09/2021;2.88;14.42;40.00;108934.00;4659.26
17/09/2021;3.63;11.83;3.00;139258.00;5373.18
18/09/2021;2.46;13.42;0.00;139258.00;5373.18
19/09/2021;2.83;11.17;56.00;143008.00;5403.89
20/09/2021;1.08;10.29;70.00;170974.00;6160.20
21/09/2021;3.00;11.83;121.00;166973.00;6004.38
22/09/2021;3.83;13.79;465.00;145030.00;5493.40
23/09/2021;8.17;13.46;98.00;138725.00;5158.93
24/09/2021;5.17;13.33;27.00;159805.00;5671.83
25/09/2021;2.46;13.04;405.00;130322.00;5085.51
26/09/2021;2.50;14.00;135.00;136197.00;5209.66
27/09/2021;3.00;15.21;15.00;129923.00;4883.57
28/09/2021;1.88;12.08;436.00;129923.00;5226.70
29/09/2021;3.17;12.13;90.00;146124.00;5606.97
30/09/2021;4.13;10.42;91.00;174130.00;6230.62
01/10/2021;6.00;11.75;2.00;188887.00;6657.20
02/10/2021;3.08;12.46;63.00;156701.00;5750.81
03/10/2021;4.04;12.92;0.00;156701.00;5750.81
04/10/2021;3.92;11.88;113.00;185040.00;6697.24
05/10/2021;3.08;10.92;173.00;188998.00;7188.34
06/10/2021;1.96;10.92;267.00;177265.00;6470.73
07/10/2021;1.33;9.08;493.00;204221.39;6673.21
08/10/2021;1.71;9.00;397.00;194149.00;6836.99
09/10/2021;1.83;9.42;247.00;182984.00;6344.62
10/10/2021;2.21;8.38;215.00;211066.00;6956.79
11/10/2021;4.17;8.75;292.00;207308.00;6776.40
12/10/2021;1.79;5.79;459.00;236574.00;7517.38
13/10/2021;2.33;6.92;209.00;259434.00;8110.99
14/10/2021;4.88;11.00;80.00;220721.00;7044.18
15/10/2021;5.96;9.33;373.00;218664.00;7122.26
16/10/2021;3.46;7.92;156.00;229789.00;7301.09
17/10/2021;1.46;8.21;39.00;231181.00;7339.96
18/10/2021;2.13;10.00;0.00;225229.00;7163.30
19/10/2021;4.00;12.04;0.00;306462.00;7056.02
20/10/2021;4.92;13.04;9.00;182803.00;6144.45
21/10/2021;5.29;7.50;143.00;182803.00;7251.75
22/10/2021;6.00;6.54;205.00;280055.00;8352.06
23/10/2021;3.21;7.04;255.00;409622.00;8337.51
24/10/2021;3.46;8.38;249.00;252179.00;7734.65
25/10/2021;3.21;8.13;33.00;252179.00;8245.42
26/10/2021;2.75;9.83;205.00;239121.00;7452.34
27/10/2021;6.92;13.25;0.00;215224.00;6903.57
28/10/2021;4.38;11.67;292.00;205691.00;6713.27
29/10/2021;3.63;10.08;363.00;221767.00;7013.26
30/10/2021;3.38;10.46;64.00;215959.00;6859.83
31/10/2021;3.83;10.13;111.00;234272.00;7336.02
01/11/2021;5.25;9.75;90.00;235730.00;7315.70
02/11/2021;2.00;6.75;217.00;261469.00;7925.95
03/11/2021;1.04;4.29;242.00;288578.00;8603.69
04/11/2021;1.83;4.00;12.00;326772.00;9644.29
05/11/2021;4.13;7.08;198.00;303417.00;9033.37
06/11/2021;5.00;9.54;2.00;267563.00;8144.01
07/11/2021;3.92;7.54;80.00;267563.00;8144.01
08/11/2021;1.71;6.38;46.00;292962.00;8853.57
09/11/2021;5.04;8.83;0.00;288498.00;8555.35
10/11/2021;2.88;9.71;6.00;254172.00;7889.69
11/11/2021;2.50;8.25;61.00;266161.00;8145.57
12/11/2021;3.04;7.13;0.00;285124.00;8544.32
13/11/2021;2.88;6.58;0.00;288899.00;8666.76
14/11/2021;2.92;7.29;0.00;289053.00;8706.33
15/11/2021;1.54;6.33;0.00;307096.00;9131.90
16/11/2021;1.71;4.38;0.00;324988.00;9662.09
17/11/2021;3.46;5.63;96.00;322650.00;9541.27
18/11/2021;5.58;9.38;0.00;300315.00;8982.26
19/11/2021;6.63;10.75;93.00;259299.00;7965.24
20/11/2021;6.08;9.54;1.00;256456.00;7791.39
21/11/2021;3.00;3.79;177.00;304672.00;9050.03
22/11/2021;2.21;3.17;296.00;366044.00;10833.58
23/11/2021;4.29;6.33;245.00;318369.00;9440.34
24/11/2021;3.46;6.67;51.00;317625.00;9418.68
25/11/2021;3.71;4.92;196.00;314168.00;9339.77
26/11/2021;3.46;2.00;83.00;363192.00;10603.63
27/11/2021;3.83;2.08;109.00;354097.00;10429.91
28/11/2021;1.54;1.25;2.00;367717.00;10800.26
29/11/2021;2.79;0.13;312.00;339691.00;9866.07
30/11/2021;5.67;2.13;200.00;334880.00;9656.22
01/12/2021;6.50;1.83;0.00;342361.00;9831.06
02/12/2021;4.04;0.04;275.00;435650.00;13120.08
03/12/2021;3.21;1.75;0.00;428514.00;12653.08
04/12/2021;3.08;1.58;5.00;405659.00;11813.70
05/12/2021;6.92;0.96;0.00;423862.00;12298.69
06/12/2021;4.25;-0.08;41.00;472608.00;13555.56
07/12/2021;5.46;0.92;5.00;459495.00;12960.52
08/12/2021;5.96;1.42;0.00;451995.00;12809.75
09/12/2021;3.71;0.88;2.00;440297.00;12475.47
10/12/2021;2.13;1.38;0.00;430567.00;12185.13
11/12/2021;1.46;0.42;131.00;419931.00;12040.80
12/12/2021;2.92;4.21;0.00;402113.00;11524.26
13/12/2021;3.00;7.42;0.00;355428.00;10318.54
14/12/2021;2.83;5.08;145.00;360607.00;10455.20
15/12/2021;5.13;7.75;40.00;343673.00;10265.34
16/12/2021;3.33;5.46;344.00;344044.00;10094.50
17/12/2021;3.96;6.21;2.00;349916.00;10146.48
18/12/2021;6.08;6.58;217.00;321847.45;9681.76
19/12/2021;5.13;4.29;262.00;337634.05;10084.59
20/12/2021;0.96;-1.38;338.00;437803.24;12749.35
21/12/2021;0.96;-1.63;98.00;478752.05;13982.19
22/12/2021;1.42;1.08;131.00;447447.04;13551.17
23/12/2021;1.71;-0.88;0.00;455340.05;13580.04
24/12/2021;2.42;-4.50;134.00;476379.06;14521.16
25/12/2021;0.38;-7.79;331.00;536907.15;16513.62
26/12/2021;0.88;-7.13;331.00;539309.16;16213.82
27/12/2021;4.92;-2.58;150.00;556147.10;16547.38
28/12/2021;3.96;0.00;0.00;487203.04;14466.85
29/12/2021;1.75;0.79;0.00;455453.04;13442.15
30/12/2021;4.67;7.00;4.00;390227.02;11834.59
31/12/2021;3.96;7.88;0.00;341224.09;10644.06
01/01/2022;3.96;8.17;0.00;316680.13;10011.19
02/01/2022;3.88;7.58;0.00;316680.13;9803.98
03/01/2022;6.29;6.63;4.00;474479.03;10410.29
04/01/2022;3.08;2.50;134.00;474479.03;10410.29
05/01/2022;3.92;1.54;83.00;410264.06;12286.98
06/01/2022;1.75;-0.71;333.00;457391.05;13820.62
07/01/2022;4.29;1.79;61.00;437492.68;13037.58
08/01/2022;3.71;1.67;146.00;415165.44;12453.57
09/01/2022;3.17;0.33;0.00;432521.31;12975.99
10/01/2022;2.46;1.17;26.00;451803.54;13803.85
11/01/2022;2.92;2.04;22.00;443343.15;13555.41
12/01/2022;3.58;3.83;31.00;421270.10;12910.78
13/01/2022;6.75;6.33;8.00;376836.12;11592.18
14/01/2022;6.13;4.50;288.00;369313.04;11553.68
15/01/2022;2.17;1.92;116.00;403369.08;12415.97
16/01/2022;6.13;4.46;5.00;382247.10;11813.48
17/01/2022;7.33;4.04;355.00;401057.03;12296.82
18/01/2022;4.54;4.71;113.00;388304.06;11875.42
19/01/2022;7.71;4.13;0.00;398847.05;12080.56
20/01/2022;6.96;-0.04;295.00;459346.06;13989.25
21/01/2022;3.67;2.17;130.00;451785.03;13732.30
22/01/2022;3.75;5.46;26.00;451785.03;13732.30
23/01/2022;3.54;5.58;2.00;358743.04;11097.91
24/01/2022;4.38;4.38;0.00;387458.04;11821.81
25/01/2022;4.25;5.38;35.00;370837.07;11344.94
26/01/2022;6.88;4.96;35.00;380931.07;11542.73
27/01/2022;11.08;5.58;94.00;380583.07;11436.56
28/01/2022;5.38;3.54;306.00;403143.05;12180.69
29/01/2022;12.08;6.46;19.00;363654.06;10977.64
30/01/2022;9.92;4.04;310.00;395307.08;12179.92
31/01/2022;2.13;1.54;44.00;407521.09;12386.39
01/02/2022;7.08;4.08;32.00;402474.16;12014.03
02/02/2022;6.83;3.88;311.00;398284.05;11939.24
03/02/2022;3.96;5.46;0.00;371627.53;11286.38
04/02/2022;4.83;3.79;1.00;374661.32;11404.18
05/02/2022;6.92;3.63;139.00;388445.38;11921.42
06/02/2022;4.92;3.00;83.00;371383.33;11749.36
07/02/2022;6.79;3.04;319.00;407052.04;12269.55
08/02/2022;6.38;5.96;288.00;359080.10;10939.98
09/02/2022;5.92;5.46;135.00;354969.01;10827.50
10/02/2022;4.21;2.96;189.00;403557.24;12295.08
11/02/2022;3.04;0.63;344.00;428084.14;12641.62
12/02/2022;5.75;1.83;115.00;411399.14;12382.61
13/02/2022;5.92;3.04;0.00;384761.06;11224.76
14/02/2022;7.42;6.67;2.00;379762.08;11176.95
15/02/2022;6.42;4.50;127.00;377834.48;11083.57
16/02/2022;6.75;5.17;1.00;381872.53;11265.09
17/02/2022;8.79;4.38;101.00;409266.10;11998.31
18/02/2022;5.13;2.83;7.00;397226.79;11704.93
19/02/2022;7.21;3.13;167.00;408854.07;12360.17
20/02/2022;5.38;3.33;0.00;380982.05;11368.64
21/02/2022;8.38;4.33;237.00;407468.05;12316.72
22/02/2022;5.33;3.42;49.00;391701.13;11580.96
23/02/2022;7.38;5.25;151.00;394861.57;11506.84
24/02/2022;5.21;3.08;11.00;402396.09;11747.65
25/02/2022;5.13;3.00;240.00;378941.80;11355.51
26/02/2022;1.21;1.96;493.00;372176.03;11556.90
27/02/2022;2.96;1.71;545.00;376487.04;11187.61
28/02/2022;3.58;2.46;550.00;415408.13;12174.21
01/03/2022;1.58;1.17;14.00;383051.22;11440.52
02/03/2022;0.96;1.79;378.00;327529.60;10914.77
03/03/2022;1.63;1.29;457.00;364753.09;11145.40
04/03/2022;1.79;0.71;468.00;377791.82;11396.46
05/03/2022;1.38;-0.17;377.00;367109.04;11504.82
06/03/2022;1.38;1.13;562.00;377131.46;11341.79
07/03/2022;0.88;0.50;589.00;343768.49;10182.11
08/03/2022;1.25;2.33;465.00;342125.03;10057.14
09/03/2022;3.13;2.46;553.00;341513.69;9984.45
10/03/2022;4.79;3.29;542.00;343980.41;10272.50
11/03/2022;6.88;3.21;613.00;330005.12;10192.00
12/03/2022;5.00;3.38;554.00;315083.78;9882.71
13/03/2022;4.79;4.21;591.00;320790.64;9690.38
14/03/2022;3.04;5.33;471.00;296561.70;9550.22
15/03/2022;1.63;4.67;333.00;341636.45;10177.32
16/03/2022;3.21;2.38;200.00;369865.09;10545.37
17/03/2022;5.63;4.29;61.00;324057.06;9499.03
18/03/2022;2.75;5.13;596.00;309256.45;9223.89
19/03/2022;2.46;3.75;629.00;309311.67;9184.73
20/03/2022;5.75;3.63;557.00;313455.06;9183.43
21/03/2022;3.42;4.83;475.00;292760.48;8780.39
22/03/2022;1.08;5.96;540.00;262924.13;8056.38
23/03/2022;2.13;6.63;635.00;262715.11;7987.87
24/03/2022;0.96;6.25;674.00;249805.12;7750.57
25/03/2022;3.00;6.83;575.00;221330.44;7051.50
26/03/2022;3.88;7.88;553.00;247393.62;7539.24
27/03/2022;4.08;4.75;510.00;300093.12;8819.62
28/03/2022;5.25;5.04;82.00;315762.86;9445.43
29/03/2022;4.04;2.96;422.00;352602.92;10332.10
30/03/2022;3.88;0.58;287.00;362520.73;10669.95
31/03/2022;4.00;1.13;589.00;364500.13;10798.46
01/04/2022;3.42;1.13;435.00;350521.43;10353.99
02/04/2022;2.83;0.79;486.00;336917.72;9940.13
03/04/2022;5.04;2.75;297.00;353575.09;10201.09
04/04/2022;9.42;4.50;76.00;349759.62;10179.40
05/04/2022;4.92;2.75;307.00;345360.18;9874.03
06/04/2022;5.21;4.88;23.00;320245.74;9149.39
07/04/2022;5.58;4.96;134.00;339770.11;9737.33
08/04/2022;7.38;3.17;395.00;324672.50;9386.22
09/04/2022;8.04;3.79;384.00;333093.15;9724.87
10/04/2022;6.58;3.17;368.00;331466.12;9696.22
11/04/2022;3.00;3.46;543.00;316807.60;9626.36
12/04/2022;4.96;5.58;384.00;253296.16;8211.88
13/04/2022;4.08;9.71;251.00;263160.75;8164.49
14/04/2022;3.83;6.79;1.00;300776.16;8818.98
15/04/2022;3.50;6.08;0.00;259176.50;7916.29
16/04/2022;1.25;6.50;628.00;231259.34;7346.21
17/04/2022;1.21;7.13;770.00;211443.08;6714.57
18/04/2022;2.29;8.54;787.00;197003.08;6353.16
19/04/2022;1.67;8.71;747.00;176904.15;6146.76
20/04/2022;2.08;9.17;771.00;174616.49;5928.80
21/04/2022;3.58;9.67;788.00;167518.11;5866.89
22/04/2022;4.50;10.29;778.00;163974.49;5677.42
23/04/2022;4.42;9.17;795.00;174630.20;6087.36
24/04/2022;5.00;8.33;473.00;201959.51;6517.66
25/04/2022;2.38;6.88;632.00;211554.58;6714.85
26/04/2022;2.33;6.25;462.00;214491.20;6925.12
27/04/2022;2.17;7.42;584.00;194644.47;6421.56
28/04/2022;3.92;7.54;828.00;206117.15;6568.95
29/04/2022;3.83;7.42;345.00;193331.52;6385.29
30/04/2022;2.54;7.92;520.00;190974.26;6508.22
01/05/2022;2.08;6.42;479.00;190886.56;6371.49
02/05/2022;3.71;7.63;568.00;174658.87;5980.54
03/05/2022;2.92;9.67;686.00;171173.59;5945.52
04/05/2022;2.08;7.54;659.00;210973.12;6723.60
05/05/2022;2.54;6.63;206.00;198160.13;6338.83
06/05/2022;3.08;10.13;97.00;171468.45;5794.89
07/05/2022;4.79;9.33;562.00;171802.19;5993.11
08/05/2022;2.54;9.88;845.00;143705.34;5201.17
09/05/2022;3.25;12.04;774.00;144482.55;5231.46
10/05/2022;3.92;11.63;8.00;176782.31;6062.53
11/05/2022;4.29;10.29;0.00;168557.10;5846.40
12/05/2022;5.67;10.46;527.00;164234.15;5693.67
13/05/2022;5.46;10.71;92.00;155871.45;5814.76
14/05/2022;5.63;10.50;581.00;146239.90;5801.36
15/05/2022;1.83;10.83;528.00;136309.33;5199.60
16/05/2022;3.83;12.54;260.00;124661.33;4960.75
17/05/2022;4.08;14.29;549.00;107698.73;4881.67
18/05/2022;3.42;15.54;531.00;91938.02;4829.72
19/05/2022;1.58;14.38;156.00;113968.13;4810.39
20/05/2022;2.46;12.33;227.00;123808.22;5115.68
21/05/2022;5.00;11.25;234.00;118868.79;5075.31
22/05/2022;2.38;12.38;604.00;104586.11;4668.74
23/05/2022;5.29;14.46;731.00;112162.07;4985.23
24/05/2022;5.00;12.42;75.00;124948.46;5381.85
25/05/2022;5.08;12.04;371.00;120964.04;5332.18
26/05/2022;6.83;11.75;442.00;141665.06;5824.16
27/05/2022;6.88;9.21;436.00;147873.05;5918.75
28/05/2022;5.83;10.50;403.00;133214.09;5658.26
29/05/2022;3.42;10.29;611.00;153495.17;5992.63
30/05/2022;1.38;9.50;60.00;162127.18;6219.18
31/05/2022;1.54;9.75;146.00;149332.43;5828.70
01/06/2022;2.46;10.13;565.00;163148.26;6098.84
02/06/2022;4.88;9.83;0.00;162293.06;6120.52
03/06/2022;4.04;10.88;226.00;135327.15;5571.76
04/06/2022;1.96;11.83;452.00;119244.14;5242.99
05/06/2022;1.50;13.46;561.00;107928.16;4999.17
06/06/2022;3.96;14.08;245.00;137990.13;4999.17
07/06/2022;4.29;11.13;6.00;146267.29;5226.01
08/06/2022;2.46;12.42;45.00;125595.05;4930.84
09/06/2022;3.08;14.08;83.00;112298.06;4993.33
10/06/2022;3.63;14.54;276.00;100190.08;4723.26
11/06/2022;3.83;14.54;604.00;99690.04;4840.70
12/06/2022;4.38;13.42;306.00;115773.12;5184.89
13/06/2022;5.00;12.04;440.00;114922.10;5066.58
14/06/2022;4.29;13.17;192.00;114922.10;4902.37
15/06/2022;2.71;12.67;414.00;105173.03;4507.18
16/06/2022;3.83;14.08;817.00;98225.03;4387.31
17/06/2022;3.00;15.75;194.00;86347.05;4124.14
18/06/2022;3.58;15.79;469.00;96073.50;4438.42
19/06/2022;2.38;11.88;278.00;106376.04;4521.81
20/06/2022;1.83;11.92;334.00;103196.22;4455.52
21/06/2022;4.17;13.46;474.00;100291.19;4330.45
22/06/2022;3.29;13.29;45.00;95297.14;4230.00
23/06/2022;1.54;16.50;655.00;75879.01;3740.54
24/06/2022;3.96;19.58;741.00;68033.04;3534.27
25/06/2022;1.17;18.79;528.00;65198.01;3486.45
26/06/2022;3.04;19.21;469.00;82992.03;3983.43
27/06/2022;2.29;13.21;0.00;88966.18;4016.90
28/06/2022;1.92;14.96;602.00;76979.17;3773.82
29/06/2022;2.63;17.08;799.00;66589.69;3490.42
30/06/2022;2.83;18.88;882.00;68635.01;3547.60
01/07/2022;3.25;15.71;64.00;72872.41;3570.46
02/07/2022;3.92;15.79;674.00;66276.53;3506.71
03/07/2022;2.79;17.38;488.00;72020.11;3567.61
04/07/2022;3.96;14.21;376.00;85412.11;3892.35
05/07/2022;3.79;13.42;324.00;88123.10;4050.99
06/07/2022;4.33;13.67;405.00;82672.05;3759.03
07/07/2022;5.29;15.08;472.00;86616.01;3974.46
08/07/2022;5.83;14.13;280.00;83550.73;3909.83
09/07/2022;6.21;13.58;280.00;87223.69;4008.51
10/07/2022;4.88;13.25;554.00;82275.11;3785.76
11/07/2022;2.33;14.88;819.00;70293.11;3420.96
12/07/2022;3.25;16.96;243.00;68403.14;3374.11
13/07/2022;4.71;16.25;591.00;79822.24;3654.09
14/07/2022;5.46;13.13;355.00;92632.01;4037.69
15/07/2022;5.00;13.00;314.00;89180.15;4026.95
16/07/2022;5.92;13.17;576.00;83276.13;3921.70
17/07/2022;4.29;15.00;250.00;72628.10;3638.53
18/07/2022;3.58;18.33;477.00;64154.11;3340.32
19/07/2022;1.58;20.92;834.00;52655.11;3090.68
20/07/2022;3.42;23.58;859.00;56328.13;3623.56
21/07/2022;3.29;16.38;110.00;74485.04;4010.28
22/07/2022;5.38;13.79;0.00;87101.09;4325.26
23/07/2022;3.88;12.83;22.00;84427.13;4040.47
24/07/2022;3.38;15.67;162.00;72543.03;3576.40
25/07/2022;3.33;17.92;116.00;83361.03;3938.40
26/07/2022;6.54;13.54;317.00;100258.02;4642.32
27/07/2022;6.04;12.63;54.00;98122.05;4571.28
28/07/2022;2.38;13.13;468.00;85247.03;4265.11
29/07/2022;1.25;14.71;707.00;71658.01;3725.04
30/07/2022;1.63;16.33;190.00;68942.04;4056.94
31/07/2022;1.08;16.33;20.00;78885.03;4056.94
01/08/2022;4.04;13.88;814.00;86132.02;5205.77
02/08/2022;3.29;14.13;192.00;73287.06;4919.80
03/08/2022;3.71;18.75;95.00;67354.09;5164.76
04/08/2022;3.00;18.67;354.00;84078.04;4783.21
05/08/2022;3.13;13.67;335.00;86616.74;4681.78
06/08/2022;4.04;12.83;432.00;89964.03;4828.46
07/08/2022;2.21;13.58;92.00;89964.03;4655.58
08/08/2022;2.13;15.54;460.00;80992.01;4129.71
09/08/2022;1.63;15.67;427.00;77663.03;3912.90
10/08/2022;1.00;16.29;654.00;70459.13;3772.23
11/08/2022;0.88;18.88;779.00;62502.03;3772.23
12/08/2022;1.58;20.42;839.00;56374.11;3284.66
13/08/2022;1.38;21.21;782.00;52311.05;3246.08
14/08/2022;3.04;21.79;256.00;54763.08;3239.15
15/08/2022;3.00;21.83;566.00;54453.03;3102.59
16/08/2022;2.79;20.67;456.00;57856.02;3098.30
17/08/2022;1.42;18.96;282.00;64135.06;3663.33
18/08/2022;2.46;16.13;61.00;65871.05;3920.96
19/08/2022;1.33;17.29;303.00;58890.82;3694.92
20/08/2022;2.04;16.67;529.00;62808.83;4356.59
21/08/2022;3.00;14.96;442.00;74176.06;4178.58
22/08/2022;1.00;14.83;386.00;66097.00;3821.22
23/08/2022;3.88;19.58;431.00;61514.05;3654.16
24/08/2022;3.79;20.58;546.00;59418.02;3720.30
25/08/2022;3.75;19.88;632.00;57724.03;3458.25
26/08/2022;3.04;19.46;163.00;59481.11;3584.25
27/08/2022;3.42;16.17;405.00;67848.05;4040.22
28/08/2022;2.96;15.75;157.00;71950.10;4218.70
29/08/2022;3.67;15.46;676.00;77028.13;4380.84
30/08/2022;2.38;14.67;603.00;81808.03;4416.91
31/08/2022;2.17;13.58;568.00;85619.01;4489.21
01/09/2022;1.50;13.88;638.00;82906.01;4442.03
02/09/2022;2.63;13.96;616.00;73249.22;4168.33
03/09/2022;3.88;15.46;502.00;75131.01;4287.79
04/09/2022;4.17;15.96;506.00;75041.17;4231.96
05/09/2022;4.79;16.71;404.00;74647.02;4196.60
06/09/2022;5.71;16.29;389.00;80681.01;4202.52
07/09/2022;4.63;14.88;35.00;89621.04;4134.15
08/09/2022;6.21;14.58;54.00;88106.07;4412.55
09/09/2022;2.63;14.71;79.00;82765.13;4329.02
10/09/2022;2.38;14.42;174.00;90270.02;4590.36
11/09/2022;1.21;13.50;401.00;96406.36;4679.88
12/09/2022;2.92;13.88;76.00;96406.36;4583.71
13/09/2022;5.42;13.96;265.00;104297.04;4740.33
14/09/2022;4.17;13.21;122.00;111469.03;4896.29
15/09/2022;6.21;11.58;492.00;114030.05;4763.05
16/09/2022;4.17;12.21;411.00;109948.14;4731.85
17/09/2022;4.00;11.38;229.00;126196.04;5142.24
18/09/2022;4.00;10.33;314.00;138198.45;5337.11
19/09/2022;2.13;9.83;489.00;149420.04;5455.76
20/09/2022;0.96;8.88;606.00;144797.07;5371.91
21/09/2022;1.50;8.88;570.00;141922.05;5276.47
22/09/2022;1.75;9.67;301.00;143106.05;5219.69
23/09/2022;1.92;11.29;108.00;127302.16;4896.58
24/09/2022;1.42;11.17;325.00;131427.03;5127.79
25/09/2022;2.04;10.29;401.00;146846.42;5375.81
26/09/2022;3.79;10.08;0.00;165998.28;5780.87
27/09/2022;1.50;8.63;2.00;181317.06;6118.62
28/09/2022;1.08;8.33;19.00;179428.05;6029.81
29/09/2022;3.92;9.79;112.00;179980.04;5999.02
30/09/2022;2.92;10.46;153.00;173538.05;5817.83
01/10/2022;3.83;10.21;75.00;163093.03;5717.00
02/10/2022;4.42;11.21;372.00;151543.06;5418.67
03/10/2022;3.88;11.42;351.00;144302.18;5260.43
04/10/2022;3.88;12.50;149.00;140120.16;5339.36
05/10/2022;6.50;13.75;0.00;153404.09;5755.92
06/10/2022;6.75;12.58;286.00;145838.05;5633.51
07/10/2022;6.46;13.25;91.00;156223.26;5911.21
08/10/2022;3.29;9.25;328.00;174193.17;6381.45
09/10/2022;2.50;8.96;434.00;187645.07;6348.86
10/10/2022;3.46;8.75;277.00;197986.13;6458.12
11/10/2022;3.29;8.79;300.00;189378.07;6458.35
12/10/2022;2.46;9.04;126.00;199624.12;6510.33
13/10/2022;2.00;9.83;4.00;178098.05;5437.24
14/10/2022;1.92;10.38;261.00;157095.10;4937.03
15/10/2022;2.83;11.92;170.00;161104.29;5122.14
16/10/2022;5.00;10.75;317.00;191772.05;5754.21
17/10/2022;3.46;11.17;6.00;181206.11;5597.59
18/10/2022;4.04;10.58;168.00;200210.21;6103.62
19/10/2022;1.50;6.67;515.00;221277.06;6578.74
20/10/2022;4.04;7.13;412.00;201875.05;6038.69
21/10/2022;2.04;10.33;0.00;171194.36;5416.49
22/10/2022;1.75;12.38;16.00;181716.33;5665.85
23/10/2022;2.58;10.50;107.00;171448.04;5389.91
24/10/2022;4.79;13.00;47.00;175419.08;5471.83
25/10/2022;3.63;11.63;73.00;187715.05;5757.32
26/10/2022;2.50;11.33;86.00;168158.12;5361.87
27/10/2022;2.83;13.46;116.00;148505.02;5067.88
28/10/2022;3.17;14.38;203.00;154868.27;5085.30
29/10/2022;2.79;11.88;284.00;154291.23;5244.70
30/10/2022;2.38;13.29;32.00;157953.06;5141.64
31/10/2022;2.13;11.96;209.00;176098.04;5453.07
01/11/2022;6.38;12.46;46.00;197298.12;6017.13
02/11/2022;4.00;9.46;129.00;216143.09;6562.40
03/11/2022;5.04;9.75;46.00;226392.07;6700.25
04/11/2022;6.13;9.04;38.00;217957.32;6594.96
05/11/2022;3.29;8.50;242.00;212537.22;6466.89
06/11/2022;5.25;9.63;64.00;220624.05;6676.75
07/11/2022;4.58;10.21;157.00;198688.05;6388.13
08/11/2022;4.83;11.83;72.00;206717.07;7047.77
09/11/2022;4.54;10.67;118.00;227122.08;7488.83
10/11/2022;5.13;10.58;9.00;197657.55;6372.13
11/11/2022;7.38;13.17;0.00;187259.11;5990.31
12/11/2022;2.83;12.13;0.00;209595.15;6827.01
13/11/2022;2.79;8.79;124.00;236483.11;7276.11
14/11/2022;5.04;8.33;10.00;250454.08;7514.14
15/11/2022;5.33;7.88;27.00;269829.14;8038.37
16/11/2022;8.88;8.04;0.00;316235.12;9375.14
17/11/2022;10.33;5.25;129.00;340099.13;10141.67
18/11/2022;6.42;3.33;90.00;371896.18;11031.65
19/11/2022;2.79;0.38;100.00;373142.42;11083.94
20/11/2022;1.92;-1.00;358.00;408577.12;12056.21
21/11/2022;1.46;-0.33;43.00;408245.22;11967.83
22/11/2022;5.08;1.21;0.00;369325.12;10721.38
23/11/2022;4.50;4.67;0.00;336243.11;9869.93
24/11/2022;3.13;5.88;2.00;336243.11;9688.40
25/11/2022;3.33;5.83;0.00;299997.61;9688.40
26/11/2022;1.83;5.79;239.00;306635.15;9245.25
27/11/2022;3.67;5.38;24.00;338780.13;10136.15
28/11/2022;5.42;4.83;0.00;353009.12;10351.97
29/11/2022;3.13;3.42;0.00;355752.12;10425.85
30/11/2022;2.71;3.38;57.00;371030.23;10792.51
01/12/2022;2.79;2.58;85.00;379683.12;11101.71
02/12/2022;3.38;2.33;27.00;387032.59;11360.95
03/12/2022;4.25;1.21;0.00;388455.74;11503.48
04/12/2022;5.08;2.17;4.00;394595.13;11780.70
05/12/2022;4.50;2.21;0.00;378943.15;11458.75
06/12/2022;1.25;0.71;220.00;407349.13;12038.69
07/12/2022;2.00;-1.00;206.00;444449.19;13123.62
08/12/2022;1.54;-2.71;339.00;428114.13;12500.06
09/12/2022;2.17;0.00;92.00;420333.55;12461.84
10/12/2022;1.83;-1.42;53.00;446020.13;13163.04
11/12/2022;2.21;-2.17;145.00;484505.16;14108.19
12/12/2022;2.67;-3.13;92.00;472799.14;13891.55
13/12/2022;2.38;-1.96;33.00;434585.92;12744.46
14/12/2022;2.50;-0.08;119.00;458611.83;13507.00
15/12/2022;1.04;-3.88;174.00;541883.21;15910.71
16/12/2022;0.75;-8.42;302.00;489183.11;13968.27
17/12/2022;4.42;-0.42;114.00;466308.13;13515.96
18/12/2022;4.42;-1.04;116.00;463418.22;13536.45
19/12/2022;4.63;1.46;0.00;367289.26;10778.64
20/12/2022;5.13;6.92;0.00;365968.69;10663.48
21/12/2022;3.63;4.79;13.00;354025.69;10702.51
22/12/2022;4.04;5.50;22.00;374604.23;10920.37
23/12/2022;1.67;1.08;335.00;427403.12;12265.58
24/12/2022;2.46;0.33;14.00;353633.20;10656.81
25/12/2022;2.88;5.08;0.00;346151.15;10164.25
26/12/2022;4.54;4.88;11.00;392176.12;11315.69
27/12/2022;3.71;2.08;150.00;359349.71;10360.37
28/12/2022;5.67;6.08;86.00;336897.38;9948.00
29/12/2022;6.92;6.88;17.00;361890.22;10705.69
30/12/2022;6.54;5.46;38.00;326394.00;9605.37
31/12/2022;3.67;6.96;0.00;293586.12;8656.73
01/01/2023;5.92;8.08;20.00;320898.33;9559.30
02/01/2023;2.92;5.88;4.00;360142.47;10527.84
03/01/2023;3.58;3.67;224.00;329025.27;9919.46
04/01/2023;7.63;7.38;0.00;357579.37;10272.98
05/01/2023;4.17;2.29;227.00;350571.19;10190.91
06/01/2023;5.13;6.08;92.00;313539.36;9174.39
07/01/2023;4.08;7.33;0.00;314377.33;9304.02
08/01/2023;3.88;6.25;16.00;332104.46;9717.55
09/01/2023;3.29;5.00;94.00;347264.44;9952.58
10/01/2023;4.25;4.79;141.00;333147.44;9591.87
11/01/2023;6.13;6.67;186.00;341065.19;9706.81
12/01/2023;3.54;5.33;30.00;342003.19;9731.37
13/01/2023;6.96;5.88;9.00;341418.34;9725.64
14/01/2023;5.42;5.17;3.00;359038.28;10097.54
15/01/2023;8.33;4.63;59.00;383454.36;10752.36
16/01/2023;3.38;2.46;24.00;395521.33;11048.89
17/01/2023;3.29;0.79;52.00;409455.28;11654.00
18/01/2023;3.08;0.29;245.00;423994.18;11979.72
19/01/2023;2.92;0.13;67.00;433335.21;12363.44
20/01/2023;0.71;-0.63;132.00;442289.15;12717.10
21/01/2023;2.17;-0.38;247.00;453160.15;13030.55
22/01/2023;2.71;-0.67;0.00;460632.20;13106.04
23/01/2023;0.96;-0.33;137.00;421169.16;12064.00
24/01/2023;2.92;1.29;169.00;410068.28;11559.80
25/01/2023;4.13;2.58;0.00;374542.24;10708.57
26/01/2023;2.83;2.58;290.00;429189.17;12318.27
27/01/2023;1.21;-1.46;349.00;428102.35;12338.40
28/01/2023;2.50;1.17;41.00;393739.08;11228.57
29/01/2023;6.04;4.00;12.00;391722.18;11076.05
30/01/2023;8.08;3.33;216.00;397006.34;11247.82
31/01/2023;7.21;3.83;23.00;393764.69;11223.63
01/02/2023;8.08;3.79;114.00;380255.29;10719.10
02/02/2023;2.08;2.42;369.00;375445.17;10612.30
03/02/2023;7.71;4.67;44.00;400195.49;11697.06
04/02/2023;2.29;0.25;220.00;400937.23;11479.19
05/02/2023;2.96;1.33;246.00;400375.20;11364.80
06/02/2023;1.08;1.83;111.00;400126.26;11722.13
07/02/2023;3.04;1.96;52.00;402909.31;11591.81
08/02/2023;3.21;0.92;289.00;405485.29;11487.59
09/02/2023;5.71;3.54;126.00;374439.19;11487.59
10/02/2023;5.79;4.75;36.00;321474.23;9337.27
11/02/2023;6.46;6.96;180.00;322056.12;9445.11
12/02/2023;3.83;6.42;0.00;340659.40;9978.18
13/02/2023;3.46;5.42;20.00;354241.04;10122.45
14/02/2023;1.71;3.42;14.00;368892.21;10477.73
15/02/2023;2.25;2.38;0.00;340905.27;9761.77
16/02/2023;2.79;4.96;96.00;340905.27;9480.93
17/02/2023;10.08;6.67;34.00;338700.36;9851.90
18/02/2023;4.58;3.58;207.00;349947.27;10140.75
19/02/2023;4.50;3.13;329.00;350258.96;9951.71
20/02/2023;9.50;6.63;71.00;338191.21;9578.85
21/02/2023;4.79;5.00;234.00;342615.24;9563.02
22/02/2023;2.92;4.75;0.00;333903.57;9198.30
23/02/2023;3.83;4.38;137.00;339445.17;9558.28
24/02/2023;6.67;3.79;192.00;363641.28;10551.25
25/02/2023;5.50;0.79;409.00;377587.17;11135.08
26/02/2023;2.58;0.58;464.00;363102.68;10926.10
27/02/2023;1.33;2.42;532.00;341434.19;10186.57
28/02/2023;1.13;2.00;541.00;341434.19;10083.32
01/03/2023;1.17;1.29;190.00;358412.32;10413.63
02/03/2023;1.46;2.13;491.00;330321.14;9644.68
03/03/2023;4.17;4.08;376.00;323980.25;9469.41
04/03/2023;5.38;2.83;364.00;349508.15;11031.42
05/03/2023;2.54;-0.54;509.00;383681.25;11183.66
06/03/2023;2.58;-0.54;328.00;399327.92;11360.50
07/03/2023;5.54;-0.83;193.00;409217.18;11703.74
08/03/2023;0.75;-1.58;484.00;402153.21;11519.70
09/03/2023;1.63;-1.29;440.00;402843.19;11435.89
10/03/2023;1.96;-0.42;145.00;385043.58;11125.01
11/03/2023;3.58;-0.63;371.00;406140.14;11575.70
12/03/2023;3.25;0.33;89.00;354361.13;10044.79
13/03/2023;9.04;7.21;20.00;346746.61;9974.14
14/03/2023;6.58;3.00;268.00;379910.00;10784.85
15/03/2023;5.54;1.71;308.00;399736.00;11334.22
16/03/2023;5.33;3.00;3.00;338794.44;9905.27
17/03/2023;3.29;6.13;54.00;284148.17;8556.32
18/03/2023;1.17;7.83;26.00;286141.08;8665.85
19/03/2023;2.88;7.04;7.00;313949.12;9292.38
20/03/2023;3.08;5.38;20.00;323232.20;9493.33
21/03/2023;3.42;5.75;0.00;314522.59;9238.65
22/03/2023;6.08;7.25;8.00;280146.23;8458.92
23/03/2023;5.67;7.92;322.00;281552.37;8471.90
24/03/2023;6.88;7.67;169.00;284770.12;8471.90
25/03/2023;4.71;6.71;33.00;282717.08;8611.59
26/03/2023;4.63;3.13;406.00;347697.47;10291.16
27/03/2023;4.21;0.58;392.00;373890.21;10919.10
28/03/2023;2.58;1.33;316.00;351950.65;10196.03
29/03/2023;3.04;4.71;0.00;312026.31;9234.22
30/03/2023;4.58;7.04;0.00;297941.49;8860.68
31/03/2023;3.46;6.46;10.00;321347.13;9573.93
01/04/2023;7.04;2.67;400.00;321347.13;9708.61
02/04/2023;3.54;2.71;724.00;323119.05;9619.02
03/04/2023;1.88;2.42;669.00;315736.32;9330.47
04/04/2023;1.71;2.58;373.00;321770.37;9116.68
05/04/2023;1.46;3.83;285.00;291815.97;8082.43
06/04/2023;3.42;4.38;493.00;273477.30;8118.81
07/04/2023;4.88;5.04;665.00;240057.23;7618.78
08/04/2023;2.50;7.54;427.00;219435.24;7221.79
09/04/2023;2.33;7.58;445.00;289741.18;7314.54
10/04/2023;5.71;8.92;319.00;224663.38;7248.16
11/04/2023;4.17;7.29;187.00;278772.36;8489.77
12/04/2023;4.33;5.58;88.00;278772.36;8345.08
13/04/2023;3.58;5.79;245.00;262411.24;8305.13
14/04/2023;2.58;6.96;250.00;236867.21;7740.79
15/04/2023;2.92;8.96;85.00;213521.18;7185.92
16/04/2023;1.67;9.33;183.00;193067.16;6673.17
17/04/2023;3.25;9.00;780.00;199141.28;6829.39
18/04/2023;4.54;8.63;797.00;195067.22;6596.93
19/04/2023;4.38;8.00;779.00;190505.26;6360.72
20/04/2023;6.04;10.04;758.00;168958.24;5898.21
21/04/2023;4.67;10.33;794.00;151570.53;5898.21
22/04/2023;4.54;12.13;576.00;147637.45;5261.47
23/04/2023;3.42;9.75;249.00;182697.16;6032.98
24/04/2023;4.04;8.63;5.00;255419.24;8075.04
25/04/2023;8.08;5.13;101.00;268885.15;8553.10
26/04/2023;5.83;4.29;447.00;262409.19;8467.14
27/04/2023;4.25;4.25;554.00;239569.23;7776.78
28/04/2023;2.42;6.04;478.00;214953.34;7151.70
29/04/2023;4.42;6.04;563.00;226333.19;7509.26
30/04/2023;3.08;5.88;547.00;192297.44;6784.30
01/05/2023;4.63;9.17;440.00;213087.13;7289.39
02/05/2023;4.63;5.92;528.00;229757.07;7611.64
03/05/2023;3.38;5.75;415.00;243412.14;8032.15
04/05/2023;2.38;6.58;84.00;234387.13;7915.19
05/05/2023;9.13;6.83;145.00;275984.14;8810.65
06/05/2023;6.17;5.96;15.00;225823.29;7602.97
07/05/2023;5.13;9.38;522.00;179891.06;6469.40
08/05/2023;5.46;11.21;845.00;145092.08;5730.36
09/05/2023;5.63;13.46;403.00;135923.03;5728.20
10/05/2023;3.92;12.38;306.00;154797.11;6089.77
11/05/2023;1.50;10.96;57.00;134056.09;5670.21
12/05/2023;3.00;14.46;610.00;113122.21;5203.88
13/05/2023;1.92;13.71;810.00;113122.21;5204.63
14/05/2023;2.00;13.96;278.00;119583.06;5166.09
15/05/2023;2.92;12.42;548.00;163105.13;5729.85
16/05/2023;7.33;8.33;57.00;201094.12;6568.63
17/05/2023;7.46;7.13;268.00;180374.11;6055.49
18/05/2023;2.75;9.54;647.00;146719.10;5349.25
19/05/2023;1.88;10.63;700.00;126858.17;4879.63
20/05/2023;2.79;11.96;795.00;126858.17;4558.04
21/05/2023;4.13;15.25;483.00;126858.17;4264.97
22/05/2023;3.21;16.42;133.00;128584.10;4876.33
23/05/2023;5.67;9.96;42.00;135986.06;5247.69
24/05/2023;3.25;11.83;548.00;131069.11;4771.54
25/05/2023;5.25;10.33;923.00;138584.14;5145.31
26/05/2023;4.50;9.83;634.00;130178.18;5224.10
27/05/2023;2.42;9.83;889.00;130178.18;4890.01
28/05/2023;3.50;10.58;590.00;128584.05;5029.87
29/05/2023;4.42;10.33;872.00;110985.11;4541.26
30/05/2023;2.29;14.13;780.00;106441.03;4535.63
31/05/2023;6.29;11.42;709.00;110116.12;4561.95
01/06/2023;4.54;12.58;733.00;104021.11;4603.07
02/06/2023;2.63;12.67;780.00;103219.10;4528.56
03/06/2023;3.33;11.46;857.00;103219.10;4559.23
04/06/2023;3.00;10.92;487.00;111776.07;4738.77
05/06/2023;2.08;11.75;574.00;106776.12;4682.02
06/06/2023;3.25;12.08;750.00;101357.06;4570.59
07/06/2023;2.46;12.79;619.00;97927.12;4502.89
08/06/2023;3.13;12.58;798.00;93050.17;4343.39
09/06/2023;2.38;14.83;721.00;79820.08;4044.67
10/06/2023;4.96;16.58;912.00;77820.06;4081.63
11/06/2023;4.83;16.50;717.00;78211.05;3969.62
12/06/2023;3.67;17.54;922.00;73434.09;3751.27
13/06/2023;3.38;16.83;947.00;70415.03;3808.52
14/06/2023;1.79;17.58;915.00;70868.10;3487.10
15/06/2023;1.88;16.25;420.00;70013.11;3584.91
16/06/2023;2.17;17.79;459.00;64614.08;3305.72
17/06/2023;1.29;17.21;588.00;66407.04;3436.28
18/06/2023;1.46;17.71;627.00;66876.03;3408.29
19/06/2023;3.08;16.96;302.00;65776.14;3341.71
20/06/2023;1.88;19.00;431.00;64456.02;3301.98
21/06/2023;3.88;17.08;243.00;67224.11;3294.32
22/06/2023;2.38;18.00;641.00;67224.11;3381.92
23/06/2023;3.42;15.63;443.00;67584.10;3344.10
24/06/2023;2.67;16.92;464.00;64543.04;3333.73
25/06/2023;1.13;18.88;298.00;64887.09;3296.65
26/06/2023;5.04;17.29;410.00;73372.09;3558.23
27/06/2023;6.29;14.54;706.00;73442.04;3658.16
28/06/2023;3.04;16.13;540.00;67515.15;3234.53
29/06/2023;3.21;17.46;24.00;73189.21;3557.04
30/06/2023;3.75;15.21;523.00;73603.25;3617.92
01/07/2023;4.13;14.75;21.00;79804.05;3840.12
02/07/2023;7.00;13.71;337.00;89603.10;3994.98
03/07/2023;5.71;12.54;402.00;95508.11;4155.45
04/07/2023;5.38;12.50;252.00;110749.05;4514.94
05/07/2023;4.50;12.00;68.00;100897.16;4343.26
06/07/2023;5.25;14.00;446.00;84005.24;3998.08
07/07/2023;1.75;15.83;818.00;69766.26;3690.32
08/07/2023;1.67;18.13;937.00;61416.04;3373.65
09/07/2023;2.92;19.96;729.00;62836.09;3301.58
10/07/2023;2.83;16.75;307.00;67218.08;3350.02
11/07/2023;2.54;16.63;92.00;68931.03;3306.82
12/07/2023;3.29;16.13;310.00;72126.14;4024.09
13/07/2023;3.71;15.17;447.00;72371.16;3607.88
14/07/2023;2.38;15.88;484.00;62324.25;3366.85
15/07/2023;3.75;18.75;224.00;64110.03;3481.76
16/07/2023;6.50;16.54;276.00;69952.09;3952.71
17/07/2023;5.25;15.21;348.00;76352.08;4428.67
18/07/2023;4.08;14.13;500.00;81903.08;4093.21
19/07/2023;2.46;13.17;295.00;85709.14;4094.21
20/07/2023;4.42;12.96;325.00;86018.14;4234.57
21/07/2023;2.83;13.25;360.00;81586.24;4140.55
22/07/2023;3.21;13.13;434.00;84699.05;4179.42
23/07/2023;3.46;14.54;0.00;82640.09;3930.53
24/07/2023;4.38;15.88;200.00;85185.08;3799.30
25/07/2023;4.33;13.33;423.00;92718.04;4390.13
26/07/2023;4.54;12.75;326.00;86574.15;3857.16
27/07/2023;1.75;14.75;363.00;75928.14;3532.93
28/07/2023;1.04;16.92;726.00;68176.27;3377.02
29/07/2023;2.63;16.58;139.00;74260.06;3693.63
30/07/2023;2.83;14.38;334.00;77741.09;3658.94
31/07/2023;3.13;15.38;380.00;75545.13;3713.73
01/08/2023;2.13;14.75;146.00;81874.02;3708.83
02/08/2023;2.13;15.08;295.00;77416.17;3666.93
03/08/2023;2.75;15.88;180.00;84003.14;3704.92
04/08/2023;5.25;15.04;125.00;80203.27;3567.45
05/08/2023;2.71;15.38;565.00;75690.04;3577.96
06/08/2023;3.21;15.71;32.00;93156.13;3865.04
07/08/2023;9.21;13.54;8.00;97451.20;3762.89
08/08/2023;10.08;12.88;387.00;114974.05;4341.60
09/08/2023;6.63;12.13;67.00;108356.17;4315.15
10/08/2023;4.92;13.75;364.00;87206.13;3872.81
11/08/2023;2.75;17.63;247.00;72692.27;3562.26
12/08/2023;1.75;17.08;51.00;78133.14;3719.20
13/08/2023;3.13;16.42;102.00;79065.11;3695.66
14/08/2023;2.04;17.04;458.00;72243.17;3540.10
15/08/2023;3.33;17.33;309.00;76522.07;3576.05
16/08/2023;3.92;15.46;170.00;82873.25;3809.10
17/08/2023;1.42;14.67;214.00;77467.13;3757.97
18/08/2023;3.88;16.92;96.00;68695.19;3413.20
19/08/2023;4.38;18.58;65.00;66741.12;3508.14
20/08/2023;2.46;17.58;479.00;69167.06;3823.03
21/08/2023;2.33;16.79;610.00;68708.18;3298.84
22/08/2023;2.58;17.13;437.00;70665.07;3411.51
23/08/2023;2.92;16.08;167.00;75821.21;3687.60
24/08/2023;1.50;15.67;398.00;67925.12;3369.33
25/08/2023;2.63;16.67;374.00;72058.19;3360.28
26/08/2023;1.50;13.58;192.00;86604.21;3931.88
27/08/2023;1.54;12.75;191.00;93076.74;4256.05
28/08/2023;2.25;13.25;492.00;89110.23;4018.14
29/08/2023;1.46;13.00;233.00;93721.07;4332.46
30/08/2023;2.04;13.50;104.00;93736.20;4402.23
31/08/2023;1.58;13.38;152.00;92371.15;4457.26
01/09/2023;2.13;13.92;634.00;86293.21;4215.11
02/09/2023;3.54;13.75;565.00;85259.11;4207.43
03/09/2023;3.88;15.83;193.00;79409.12;4333.85
04/09/2023;2.71;16.71;731.00;78038.19;4170.68
05/09/2023;0.50;16.50;724.00;74063.07;4135.12
06/09/2023;1.88;17.04;648.00;66772.19;3905.16
07/09/2023;3.00;18.29;522.00;64068.13;3537.61
08/09/2023;2.79;18.92;589.00;59293.22;3598.37
09/09/2023;1.79;19.63;634.00;60783.09;3685.65
10/09/2023;1.38;17.21;209.00;64291.11;3884.58
11/09/2023;2.88;19.17;354.00;68011.19;3492.09
12/09/2023;2.08;15.25;22.00;86216.07;4306.99
13/09/2023;2.67;12.21;404.00;103842.20;4788.05
14/09/2023;1.54;11.71;207.00;89760.12;4376.57
15/09/2023;2.67;14.42;525.00;79948.19;4450.00
16/09/2023;1.83;15.75;332.00;75305.08;4168.57
17/09/2023;3.92;17.33;224.00;75920.08;4032.77
18/09/2023;4.38;17.46;99.00;94278.27;4131.26
19/09/2023;6.54;14.17;107.00;92311.06;4341.63
20/09/2023;5.63;16.96;54.00;91122.18;4301.01
21/09/2023;3.38;16.58;158.00;95986.33;4310.66
22/09/2023;2.21;13.83;203.00;104360.15;4142.51
23/09/2023;2.25;12.04;254.00;114074.12;4452.46
24/09/2023;3.13;12.46;345.00;115694.11;4672.71
25/09/2023;3.96;14.38;191.00;104075.20;4233.49
26/09/2023;2.08;14.96;222.00;96535.09;3930.31
27/09/2023;1.79;15.83;186.00;92778.18;3820.88
28/09/2023;3.50;16.21;104.00;104123.24;4090.97
29/09/2023;3.58;14.25;17.00;111938.20;4213.54
30/09/2023;4.42;13.08;353.00;123099.28;4557.43
01/10/2023;1.75;13.00;40.00;111573.13;4356.40
02/10/2023;2.00;15.46;19.00;124403.38;4547.88
03/10/2023;4.17;13.21;39.00;144321.12;5040.33
04/10/2023;5.96;12.71;257.00;141580.20;5048.81
05/10/2023;4.08;11.67;334.00;135064.30;4780.93
06/10/2023;7.71;14.83;7.00;152991.16;5205.77
07/10/2023;3.96;10.50;85.00;190822.20;6121.92
08/10/2023;0.92;7.08;284.00;205022.28;6314.57
09/10/2023;1.33;8.83;6.00;185218.26;6176.01
10/10/2023;3.21;12.92;23.00;161773.08;5404.08
11/10/2023;6.42;13.25;34.00;187819.42;6047.91
12/10/2023;4.29;9.54;223.00;188743.27;6064.69
13/10/2023;4.67;11.71;0.00;200977.41;6310.03
14/10/2023;7.00;8.46;209.00;235871.24;7272.97
15/10/2023;5.96;7.04;237.00;243596.39;7772.73
16/10/2023;2.79;6.13;291.00;242253.26;7280.03
17/10/2023;1.83;6.71;327.00;244611.16;7162.02
18/10/2023;2.04;7.42;265.00;273188.44;7791.43
19/10/2023;9.38;6.67;0.00;321396.29;9551.60
20/10/2023;11.83;4.42;0.00;300839.32;9563.07
21/10/2023;6.50;7.54;0.00;249848.37;7449.22
22/10/2023;3.00;9.29;12.00;252791.37;8110.28
23/10/2023;2.08;8.54;184.00;256864.20;7597.28
24/10/2023;5.50;8.54;14.00;246053.11;7257.56
25/10/2023;4.29;9.17;13.00;259308.50;7594.27
26/10/2023;4.21;7.21;2.00;278397.86;8477.69
27/10/2023;3.88;6.21;13.00;277833.75;8316.66
28/10/2023;4.58;6.54;0.00;263306.26;7921.08
29/10/2023;5.21;9.58;54.00;249396.13;7587.76
30/10/2023;4.67;10.25;153.00;317593.44;9043.71
31/10/2023;3.67;3.00;70.00;354439.49;10006.22
01/11/2023;3.75;4.25;27.00;275840.36;8003.12
02/11/2023;5.67;9.58;91.00;279185.55;8371.43
03/11/2023;5.04;8.75;11.00;270640.29;8168.04
04/11/2023;4.25;7.79;1.00;262150.29;8002.49
05/11/2023;2.38;8.00;11.00;259194.12;7808.03
06/11/2023;3.08;8.29;193.00;278617.33;8365.33
07/11/2023;2.71;7.42;99.00;268143.43;8237.08
08/11/2023;3.75;7.92;194.00;269057.19;8345.51
09/11/2023;1.50;7.21;11.00;293333.17;8892.83
10/11/2023;2.38;5.96;110.00;291411.41;8696.49
11/11/2023;0.79;5.50;21.00;280273.34;8545.79
12/11/2023;1.17;5.21;90.00;317395.14;9296.23
13/11/2023;4.00;4.83;28.00;324080.29;9408.81
14/11/2023;4.25;5.21;0.00;351268.47;9914.07
15/11/2023;3.08;3.63;7.00;369321.27;10327.30
16/11/2023;4.50;2.83;34.00;372186.18;10586.71
17/11/2023;2.29;2.46;22.00;353128.21;10802.16
18/11/2023;3.38;2.42;169.00;325293.24;9778.45
19/11/2023;3.42;5.46;0.00;321458.16;9790.10
20/11/2023;3.04;5.71;3.00;352924.76;10391.95
21/11/2023;2.00;2.83;8.00;393862.54;11201.17
22/11/2023;5.42;3.75;0.00;324413.23;9141.60
23/11/2023;9.83;7.96;2.00;384488.18;10838.42
24/11/2023;5.46;1.83;127.00;376913.22;10761.90
25/11/2023;2.46;0.88;294.00;429762.36;12243.21
26/11/2023;1.46;-1.21;34.00;439386.21;12714.38
27/11/2023;5.25;0.29;12.00;482494.31;13673.68
28/11/2023;2.42;-4.58;180.00;511321.20;14092.17
